TradingDate,QTP,DCM,DPM,ACB,VCB,BID,MBB,STB
2021-01-04,9800.0,12746.0,14635.0,15316.0,76646.0,38185.0,14783.0,17550.0
2021-01-05,9800.0,12746.0,14521.0,15690.0,76878.0,37908.0,15523.0,17700.0
2021-01-06,9700.0,12701.0,14368.0,15984.0,81291.0,38620.0,15616.0,18000.0
2021-01-07,9800.0,12701.0,14559.0,15984.0,82839.0,38699.0,15986.0,18450.0
2021-01-08,10400.0,12927.0,14711.0,16145.0,81136.0,38383.0,16418.0,19400.0
2021-01-11,10700.0,12882.0,14864.0,16225.0,80904.0,38185.0,16264.0,20100.0
2021-01-12,11200.0,12927.0,14864.0,16091.0,81756.0,38581.0,16140.0,19800.0
2021-01-13,11700.0,12882.0,14864.0,15958.0,81136.0,38343.0,16048.0,19500.0
2021-01-14,11600.0,12882.0,14940.0,15958.0,80439.0,38660.0,16295.0,20100.0
2021-01-15,11600.0,12882.0,14978.0,16171.0,79897.0,38660.0,16511.0,21100.0
2021-01-18,11500.0,13650.0,15321.0,16011.0,79975.0,38502.0,16171.0,20600.0
2021-01-19,11000.0,12882.0,14254.0,14915.0,76646.0,35811.0,15060.0,19200.0
2021-01-20,10900.0,12836.0,14292.0,15129.0,76723.0,36009.0,15060.0,19000.0
2021-01-21,11300.0,13017.0,14673.0,15476.0,79743.0,36800.0,15924.0,20000.0
2021-01-22,11000.0,12927.0,14635.0,15316.0,79743.0,35811.0,15801.0,19950.0
2021-01-25,10900.0,13017.0,14635.0,15022.0,79356.0,35296.0,15554.0,19350.0
2021-01-26,10600.0,12565.0,13924.0,14862.0,78117.0,33674.0,15801.0,18100.0
2021-01-27,10600.0,11932.0,13132.0,14701.0,75407.0,32685.0,14813.0,17250.0
2021-01-28,9400.0,11119.0,12223.0,13686.0,70143.0,30429.0,13795.0,16050.0
2021-01-29,10200.0,11526.0,12539.0,14327.0,72001.0,31577.0,14474.0,16900.0
2021-02-01,10200.0,10802.0,12104.0,14247.0,70530.0,30944.0,13579.0,16100.0
2021-02-02,10300.0,10667.0,11946.0,14621.0,74710.0,31142.0,14412.0,17150.0
2021-02-03,10300.0,11390.0,12618.0,15022.0,76568.0,32724.0,14968.0,18000.0
2021-02-04,10300.0,11480.0,12618.0,15075.0,76568.0,32843.0,14844.0,17600.0
2021-02-05,10400.0,11661.0,12895.0,15236.0,77420.0,33081.0,15276.0,18300.0
2021-02-08,10200.0,11345.0,12579.0,14701.0,72852.0,31735.0,14752.0,17400.0
2021-02-09,10300.0,11300.0,12618.0,15263.0,75252.0,32289.0,15276.0,18150.0
2021-02-17,10900.0,11571.0,12935.0,15717.0,77420.0,33318.0,15924.0,18750.0
2021-02-18,10900.0,12339.0,13765.0,15583.0,78968.0,34347.0,16171.0,18600.0
2021-02-19,10800.0,12475.0,13805.0,16626.0,78426.0,34901.0,16572.0,18700.0
2021-02-22,10800.0,12475.0,13726.0,16893.0,77885.0,34624.0,16480.0,18600.0
2021-02-23,10700.0,12339.0,13647.0,16947.0,77420.0,34822.0,16912.0,18800.0
2021-02-24,10900.0,12204.0,13370.0,16679.0,75949.0,34070.0,16665.0,18350.0
2021-02-25,11300.0,12113.0,13370.0,17321.0,76026.0,33991.0,16850.0,18500.0
2021-02-26,11000.0,12204.0,13330.0,17668.0,76026.0,34505.0,17066.0,18350.0
2021-03-01,11400.0,12656.0,13844.0,17775.0,76801.0,34901.0,17498.0,19100.0
2021-03-02,11300.0,13514.0,14477.0,17642.0,76878.0,34861.0,17344.0,19150.0
2021-03-03,11100.0,14418.0,14596.0,17775.0,76181.0,34663.0,17282.0,19000.0
2021-03-04,11300.0,14780.0,14794.0,17321.0,75330.0,33832.0,16758.0,18350.0
2021-03-05,11300.0,15187.0,15189.0,17348.0,74633.0,33555.0,16881.0,18700.0
2021-03-08,11700.0,15142.0,14873.0,17000.0,73704.0,33595.0,17035.0,18600.0
2021-03-09,11500.0,15187.0,15031.0,17134.0,73549.0,33120.0,16850.0,18550.0
2021-03-10,11600.0,15277.0,15110.0,17508.0,73936.0,33239.0,17251.0,18700.0
2021-03-11,11700.0,15232.0,15189.0,17642.0,74555.0,34268.0,17437.0,19300.0
2021-03-12,11600.0,14961.0,14991.0,17615.0,74168.0,34307.0,17437.0,19200.0
2021-03-15,11500.0,14825.0,14873.0,17909.0,74555.0,34030.0,17838.0,18900.0
2021-03-16,12100.0,14780.0,14794.0,17882.0,74091.0,33555.0,17684.0,18900.0
2021-03-17,12300.0,15774.0,15545.0,17909.0,74014.0,34268.0,17900.0,19600.0
2021-03-18,12100.0,15774.0,15506.0,18149.0,75485.0,35613.0,18023.0,19700.0
2021-03-19,12300.0,15639.0,15506.0,18069.0,72930.0,35613.0,18023.0,19600.0
2021-03-22,12300.0,15413.0,15427.0,17855.0,75097.0,35336.0,17684.0,19200.0
2021-03-23,12400.0,15729.0,15506.0,17642.0,74168.0,34584.0,17498.0,18800.0
2021-03-24,12000.0,15368.0,15347.0,17348.0,73317.0,33357.0,17035.0,18400.0
2021-03-25,11900.0,15096.0,15308.0,17134.0,73626.0,33437.0,17005.0,18750.0
2021-03-26,11600.0,15187.0,15268.0,17348.0,73472.0,33318.0,16974.0,18950.0
2021-03-29,11900.0,15820.0,15427.0,17642.0,73781.0,33674.0,17437.0,19200.0
2021-03-30,11900.0,15594.0,15308.0,17802.0,73394.0,33911.0,17467.0,20500.0
2021-03-31,12200.0,15774.0,15703.0,17802.0,73394.0,33991.0,17375.0,21450.0
2021-04-01,12800.0,16362.0,16257.0,18096.0,75020.0,34782.0,18023.0,21600.0
2021-04-02,12500.0,16317.0,16099.0,18524.0,75717.0,35613.0,18270.0,22600.0
2021-04-05,12400.0,16226.0,15980.0,18577.0,78968.0,36048.0,18764.0,23150.0
2021-04-06,12300.0,16271.0,16139.0,18577.0,78891.0,36207.0,19381.0,22750.0
2021-04-07,12600.0,16407.0,16297.0,18390.0,78891.0,36048.0,19628.0,22300.0
2021-04-08,12500.0,16226.0,16218.0,18390.0,77420.0,35455.0,19257.0,22200.0
2021-04-09,12400.0,16181.0,16059.0,18390.0,75485.0,35059.0,19350.0,22700.0
2021-04-12,12300.0,16407.0,16139.0,18791.0,76568.0,35415.0,19535.0,23450.0
2021-04-13,12100.0,16317.0,15743.0,18497.0,75485.0,34545.0,19196.0,22700.0
2021-04-14,11900.0,16362.0,15743.0,18497.0,76414.0,34822.0,19288.0,22900.0
2021-04-15,11600.0,15639.0,15308.0,18096.0,75485.0,34070.0,18887.0,22350.0
2021-04-16,11200.0,15458.0,15031.0,17695.0,74555.0,33239.0,18640.0,22100.0
2021-04-19,11500.0,15729.0,14952.0,18016.0,76259.0,34030.0,18825.0,22900.0
2021-04-20,11400.0,15368.0,15189.0,17962.0,79743.0,34188.0,18825.0,22500.0
2021-04-22,11600.0,14328.0,14794.0,17374.0,79743.0,32447.0,18023.0,21000.0
2021-04-23,11400.0,14599.0,14912.0,17855.0,80517.0,33239.0,18702.0,22450.0
2021-04-26,11300.0,14012.0,14715.0,17802.0,76336.0,32052.0,18270.0,22550.0
2021-04-27,11100.0,14599.0,14715.0,18176.0,76646.0,31933.0,18270.0,23100.0
2021-04-28,11300.0,14599.0,15031.0,18069.0,76646.0,32131.0,18671.0,24200.0
2021-04-29,11100.0,14464.0,15071.0,18524.0,77420.0,32447.0,18733.0,23900.0
2021-05-04,11000.0,14373.0,14794.0,18417.0,76723.0,32685.0,19288.0,24100.0
2021-05-05,11000.0,14690.0,14952.0,18871.0,78349.0,33160.0,19566.0,24700.0
2021-05-06,11000.0,14509.0,14517.0,18604.0,76878.0,32645.0,19504.0,24400.0
2021-05-07,10600.0,14057.0,14438.0,18818.0,75097.0,32170.0,19504.0,24000.0
2021-05-10,10600.0,14418.0,14438.0,19352.0,75949.0,32764.0,20492.0,24300.0
2021-05-11,10600.0,14509.0,14556.0,19138.0,75794.0,33318.0,20183.0,24650.0
2021-05-12,10500.0,15051.0,14477.0,19326.0,75330.0,33753.0,20492.0,26350.0
2021-05-13,10500.0,15051.0,14477.0,19352.0,74943.0,33714.0,20338.0,26300.0
2021-05-14,10600.0,15955.0,15308.0,19486.0,75020.0,33516.0,20368.0,26400.0
2021-05-17,10500.0,15503.0,14873.0,19539.0,74323.0,33081.0,20307.0,25950.0
2021-05-18,10400.0,15006.0,14675.0,19379.0,73239.0,32368.0,20554.0,27300.0
2021-05-19,10400.0,15051.0,14398.0,19566.0,72852.0,32368.0,21294.0,28500.0
2021-05-20,10400.0,15187.0,14398.0,19994.0,76646.0,33120.0,21294.0,29400.0
2021-05-21,10400.0,15368.0,14635.0,20047.0,74943.0,35415.0,21387.0,28850.0
2021-05-24,10400.0,16000.0,14991.0,20047.0,75407.0,36404.0,21449.0,28900.0
2021-05-25,10700.0,15955.0,15031.0,20314.0,77265.0,36958.0,22097.0,29350.0
2021-05-26,10600.0,15774.0,14873.0,20555.0,77730.0,36919.0,23146.0,29500.0
2021-05-27,10500.0,15368.0,14635.0,20421.0,76414.0,35930.0,22529.0,29800.0
2021-05-28,10400.0,15368.0,15031.0,20796.0,77110.0,37314.0,23269.0,31850.0
2021-05-31,10400.0,15187.0,14952.0,22132.0,76336.0,38541.0,23455.0,33800.0
2021-06-01,10400.0,15051.0,14873.0,22506.0,80285.0,37987.0,23578.0,32400.0
2021-06-02,10600.0,16091.0,15585.0,23843.0,82065.0,37512.0,23763.0,32200.0
2021-06-03,11000.0,16317.0,15743.0,24538.0,82607.0,38620.0,25399.0,32750.0
2021-06-04,10900.0,16091.0,15743.0,24217.0,81214.0,38779.0,25646.0,32150.0
2021-06-07,10800.0,16045.0,15545.0,22987.0,79743.0,37038.0,24535.0,30700.0
2021-06-08,10800.0,16091.0,16059.0,21491.0,77420.0,35455.0,23023.0,28600.0
2021-06-09,10500.0,16181.0,15941.0,22693.0,78968.0,35969.0,23794.0,29600.0
2021-06-10,10400.0,17311.0,17009.0,22787.0,78814.0,34742.0,23393.0,28900.0
2021-06-11,10400.0,17221.0,16771.0,23155.0,79588.0,35771.0,24319.0,30500.0
2021-06-14,10600.0,17627.0,16890.0,22787.0,78968.0,35534.0,24257.0,30800.0
2021-06-15,10700.0,17582.0,16851.0,23622.0,79588.0,35534.0,24257.0,30100.0
2021-06-16,10900.0,17808.0,16851.0,23188.0,80517.0,35850.0,23887.0,29200.0
2021-06-17,11200.0,18260.0,17127.0,23322.0,80672.0,36325.0,24627.0,29400.0
2021-06-18,11300.0,18351.0,18037.0,23388.0,84001.0,36523.0,25028.0,29650.0
2021-06-21,11500.0,18396.0,18275.0,23221.0,82530.0,35613.0,25090.0,29850.0
2021-06-22,11700.0,17899.0,18037.0,23823.0,83304.0,35613.0,25923.0,30200.0
2021-06-23,11500.0,18215.0,17760.0,23923.0,84930.0,35930.0,25862.0,29750.0
2021-06-24,11400.0,17989.0,17642.0,24190.0,85704.0,35771.0,25923.0,29000.0
2021-06-25,11300.0,18260.0,17958.0,24291.0,87175.0,36048.0,25985.0,29500.0
2021-06-28,11300.0,18486.0,18077.0,24524.0,87175.0,37117.0,26602.0,30200.0
2021-06-29,11200.0,18667.0,18116.0,24357.0,88259.0,37117.0,26818.0,31000.0
2021-06-30,11300.0,18983.0,18828.0,23856.0,90117.0,37394.0,26757.0,30600.0
2021-07-01,11300.0,18667.0,18828.0,24023.0,90117.0,37433.0,26818.0,31000.0
2021-07-02,11300.0,18170.0,18710.0,24123.0,88956.0,37235.0,26818.0,31500.0
2021-07-05,11100.0,17627.0,18302.0,25360.0,87949.0,36919.0,26602.0,32600.0
2021-07-06,10900.0,17130.0,17038.0,24057.0,86710.0,34822.0,24751.0,30350.0
2021-07-07,10700.0,16941.0,17528.0,24424.0,87794.0,36009.0,25985.0,31050.0
2021-07-08,10700.0,16658.0,16916.0,24190.0,85936.0,36246.0,25985.0,30200.0
2021-07-09,10600.0,16092.0,16631.0,23522.0,85007.0,35534.0,25831.0,29100.0
2021-07-12,10500.0,15101.0,16142.0,21885.0,82917.0,33239.0,24832.0,28400.0
2021-07-13,10800.0,16139.0,16753.0,21985.0,80052.0,33555.0,24832.0,28700.0
2021-07-14,10700.0,16045.0,16346.0,21217.0,78814.0,33714.0,24041.0,27400.0
2021-07-15,10800.0,16233.0,16835.0,21885.0,79356.0,33793.0,24416.0,28800.0
2021-07-16,11100.0,16517.0,17365.0,22453.0,79356.0,33634.0,24249.0,28450.0
2021-07-19,10900.0,15667.0,16957.0,21484.0,75097.0,31379.0,22624.0,27500.0
2021-07-20,11000.0,16469.0,17772.0,22653.0,77575.0,32447.0,23249.0,28100.0
2021-07-21,11300.0,16422.0,17650.0,22587.0,76646.0,32210.0,23332.0,27850.0
2021-07-22,11400.0,17177.0,18017.0,22787.0,77652.0,32447.0,23624.0,28000.0
2021-07-23,11300.0,17366.0,17976.0,22052.0,75097.0,31814.0,23124.0,28700.0
2021-07-26,11100.0,17885.0,18710.0,21851.0,74323.0,31656.0,22666.0,28700.0
2021-07-27,11200.0,17838.0,18750.0,22152.0,73549.0,31814.0,22832.0,29100.0
2021-07-28,11300.0,17696.0,18995.0,22152.0,75097.0,32052.0,22999.0,28900.0
2021-07-29,11700.0,18215.0,19810.0,22820.0,75794.0,32447.0,23666.0,29300.0
2021-07-30,11800.0,19065.0,20829.0,24157.0,75872.0,32527.0,24082.0,29900.0
2021-08-02,11900.0,19442.0,21685.0,23756.0,75097.0,33674.0,23999.0,29300.0
2021-08-03,11800.0,19678.0,22134.0,23923.0,76491.0,34307.0,24416.0,29800.0
2021-08-04,11700.0,19442.0,22175.0,23723.0,76259.0,34030.0,24749.0,30650.0
2021-08-05,11500.0,20292.0,23479.0,24057.0,76955.0,33991.0,24999.0,31050.0
2021-08-06,11500.0,20009.0,23642.0,23756.0,75949.0,33951.0,24707.0,30300.0
2021-08-09,11900.0,21377.0,25272.0,24391.0,76104.0,34149.0,24916.0,30700.0
2021-08-10,12100.0,21566.0,26577.0,24391.0,76646.0,34268.0,24707.0,30600.0
2021-08-11,12200.0,22274.0,28411.0,24057.0,77807.0,34109.0,24749.0,30400.0
2021-08-12,12200.0,20764.0,26495.0,23589.0,77343.0,33872.0,24582.0,29600.0
2021-08-13,12300.0,22132.0,28330.0,23622.0,77110.0,33674.0,24666.0,29700.0
2021-08-16,13200.0,22132.0,29797.0,23856.0,77885.0,34268.0,25832.0,30300.0
2021-08-17,13700.0,22368.0,29349.0,23789.0,78194.0,33991.0,25999.0,30150.0
2021-08-18,13600.0,22132.0,28370.0,23756.0,78194.0,33753.0,25916.0,29950.0
2021-08-19,13900.0,22085.0,28452.0,23589.0,79588.0,33634.0,25916.0,29950.0
2021-08-20,14000.0,22321.0,29471.0,22453.0,77497.0,32052.0,24916.0,28300.0
2021-08-23,13900.0,23123.0,30327.0,21384.0,75330.0,31102.0,23832.0,27000.0
2021-08-24,13200.0,22274.0,28859.0,21584.0,75097.0,31181.0,23791.0,27250.0
2021-08-25,13100.0,21896.0,27637.0,21684.0,75485.0,31221.0,23832.0,27350.0
2021-08-26,13400.0,22793.0,29186.0,21350.0,74943.0,30548.0,23416.0,27100.0
2021-08-27,14300.0,23217.0,30001.0,21217.0,75717.0,30627.0,23332.0,27300.0
2021-08-30,14200.0,23217.0,29634.0,21484.0,76878.0,31221.0,23666.0,27900.0
2021-08-31,14500.0,23595.0,30001.0,21384.0,76955.0,30825.0,23249.0,27350.0
2021-09-01,14500.0,24539.0,30571.0,21384.0,76955.0,30865.0,23249.0,27200.0
2021-09-06,14300.0,23973.0,29838.0,21417.0,77420.0,30944.0,23582.0,27550.0
2021-09-07,13900.0,23265.0,28819.0,21718.0,77420.0,31419.0,23832.0,27900.0
2021-09-08,13800.0,23265.0,28941.0,21484.0,77188.0,31339.0,23582.0,27300.0
2021-09-09,14000.0,23406.0,29023.0,21684.0,76878.0,31498.0,23666.0,27350.0
2021-09-10,14000.0,23548.0,28533.0,21584.0,76801.0,31379.0,23499.0,27200.0
2021-09-13,13700.0,23689.0,29023.0,21317.0,75949.0,30983.0,23249.0,26900.0
2021-09-14,13800.0,23831.0,29104.0,21050.0,76104.0,30627.0,22999.0,26650.0
2021-09-15,13400.0,23595.0,28819.0,20849.0,75175.0,30706.0,22874.0,26600.0
2021-09-16,13300.0,23406.0,28493.0,20916.0,75949.0,31181.0,23166.0,26750.0
2021-09-17,13600.0,23642.0,29104.0,21116.0,75252.0,31656.0,23207.0,26800.0
2021-09-20,13400.0,23359.0,28941.0,21451.0,77110.0,31577.0,23541.0,27100.0
2021-09-21,13100.0,23312.0,28656.0,21250.0,75872.0,31379.0,23332.0,26800.0
2021-09-22,13200.0,23123.0,28411.0,21116.0,77033.0,31339.0,23332.0,26700.0
2021-09-23,13300.0,23312.0,28411.0,21116.0,77033.0,31221.0,23249.0,26600.0
2021-09-24,13300.0,22840.0,28126.0,21384.0,77033.0,31419.0,23916.0,26750.0
2021-09-27,13200.0,21519.0,26251.0,21050.0,75872.0,31181.0,23332.0,26500.0
2021-09-28,13100.0,21849.0,27025.0,21116.0,76801.0,31735.0,23332.0,26550.0
2021-09-29,13600.0,23359.0,28900.0,20949.0,76259.0,31577.0,23166.0,25800.0
2021-09-30,13600.0,24964.0,30001.0,21083.0,75252.0,31221.0,23207.0,25700.0
2021-10-01,13400.0,26615.0,31061.0,21050.0,74246.0,30706.0,22874.0,24700.0
2021-10-04,14000.0,26804.0,30571.0,20715.0,73239.0,30785.0,22582.0,24300.0
2021-10-05,14000.0,27181.0,30979.0,21050.0,74014.0,31102.0,22832.0,25750.0
2021-10-06,14100.0,27606.0,31101.0,20949.0,74014.0,31181.0,22916.0,25500.0
2021-10-07,14000.0,27512.0,31305.0,20849.0,74943.0,30983.0,23041.0,25500.0
2021-10-08,13800.0,26662.0,30490.0,21016.0,75097.0,31023.0,23082.0,25700.0
2021-10-11,13400.0,27842.0,30612.0,21785.0,75485.0,31656.0,23999.0,26500.0
2021-10-12,13500.0,27417.0,31224.0,21785.0,75097.0,31854.0,23957.0,26600.0
2021-10-13,13600.0,29305.0,32773.0,21785.0,75097.0,31577.0,23832.0,26250.0
2021-10-14,13600.0,30296.0,34240.0,21584.0,74865.0,31300.0,23749.0,26400.0
2021-10-15,13500.0,30862.0,34851.0,21517.0,74710.0,31260.0,23666.0,26850.0
2021-10-18,13400.0,29352.0,33832.0,21384.0,74323.0,31102.0,23666.0,26900.0
2021-10-19,13400.0,30674.0,36115.0,21584.0,74633.0,31696.0,23499.0,26200.0
2021-10-20,13400.0,31617.0,37256.0,21584.0,73549.0,31458.0,23499.0,26300.0
2021-10-21,13400.0,31900.0,38316.0,21217.0,72775.0,31260.0,23249.0,26100.0
2021-10-22,13600.0,31334.0,37949.0,21116.0,73007.0,31102.0,23249.0,26200.0
2021-10-25,13500.0,29730.0,36727.0,20883.0,72852.0,31023.0,22999.0,25600.0
2021-10-26,13400.0,30013.0,38072.0,20782.0,72775.0,31023.0,23291.0,25600.0
2021-10-27,13400.0,29918.0,37827.0,20983.0,74401.0,31577.0,23666.0,26500.0
2021-10-28,13400.0,31617.0,39947.0,21283.0,75794.0,31537.0,23749.0,26700.0
2021-10-29,14100.0,31429.0,39947.0,22052.0,75872.0,32843.0,23749.0,26600.0
2021-11-01,14400.0,32089.0,40599.0,21851.0,75097.0,33081.0,23666.0,26600.0
2021-11-02,14300.0,31995.0,40110.0,22152.0,75794.0,33199.0,23666.0,26650.0
2021-11-03,14100.0,30815.0,37501.0,22620.0,76414.0,34070.0,24291.0,27900.0
2021-11-04,13900.0,31004.0,38357.0,22386.0,76181.0,34822.0,24082.0,27450.0
2021-11-05,14100.0,33127.0,41007.0,22386.0,75485.0,34505.0,23874.0,27650.0
2021-11-08,14300.0,34779.0,42392.0,22319.0,76026.0,34742.0,23749.0,27850.0
2021-11-09,14400.0,34685.0,42637.0,22353.0,75175.0,34030.0,23832.0,28100.0
2021-11-10,14300.0,36289.0,44023.0,22319.0,75562.0,34030.0,23832.0,28450.0
2021-11-11,15000.0,35109.0,43045.0,22052.0,76104.0,33872.0,23416.0,27700.0
2021-11-12,15300.0,35959.0,42882.0,22286.0,76026.0,34188.0,23791.0,28100.0
2021-11-15,15400.0,36619.0,42882.0,22319.0,75639.0,33872.0,23832.0,27950.0
2021-11-16,15400.0,36997.0,42800.0,22152.0,75252.0,33872.0,23874.0,28050.0
2021-11-17,15200.0,36525.0,41985.0,22252.0,75872.0,34505.0,23916.0,28000.0
2021-11-18,15000.0,34449.0,39621.0,21718.0,75097.0,35217.0,23582.0,27650.0
2021-11-19,15200.0,33882.0,37501.0,22353.0,75175.0,35138.0,23582.0,27900.0
2021-11-22,14600.0,33033.0,37909.0,22820.0,76491.0,36048.0,24332.0,28800.0
2021-11-23,14300.0,34921.0,40191.0,22687.0,76723.0,35376.0,24082.0,28500.0
2021-11-24,14300.0,34260.0,39539.0,23622.0,81136.0,36444.0,25749.0,30450.0
2021-11-25,14300.0,34873.0,39947.0,23489.0,82917.0,35890.0,25749.0,30650.0
2021-11-26,14400.0,35959.0,41007.0,23121.0,81291.0,35969.0,25249.0,30850.0
2021-11-29,14800.0,35487.0,39865.0,22820.0,78272.0,35217.0,24832.0,29900.0
2021-11-30,14900.0,35864.0,41088.0,22252.0,76568.0,35138.0,24166.0,28900.0
2021-12-01,14800.0,37988.0,42555.0,22386.0,76646.0,35059.0,24582.0,29900.0
2021-12-02,14900.0,36903.0,40558.0,22186.0,76723.0,34980.0,24249.0,29300.0
2021-12-03,14600.0,35393.0,38968.0,21751.0,75872.0,33239.0,23582.0,28000.0
2021-12-06,14000.0,33222.0,36890.0,21584.0,73859.0,33199.0,22916.0,27000.0
2021-12-07,14000.0,34166.0,38561.0,22019.0,76026.0,34505.0,23457.0,28050.0
2021-12-08,13900.0,34637.0,38968.0,22119.0,76414.0,34822.0,23666.0,28600.0
2021-12-09,14100.0,35062.0,39947.0,22252.0,76801.0,34822.0,23791.0,28850.0
2021-12-10,14500.0,35534.0,41170.0,22319.0,77420.0,35296.0,23624.0,28600.0
2021-12-13,14500.0,35251.0,40762.0,22319.0,77110.0,36009.0,23666.0,28650.0
2021-12-14,14500.0,35959.0,41170.0,22252.0,76878.0,35850.0,23541.0,28100.0
2021-12-15,14800.0,36100.0,41577.0,22319.0,77343.0,35534.0,23749.0,28350.0
2021-12-16,14700.0,35393.0,40599.0,22052.0,76723.0,35534.0,23541.0,28600.0
2021-12-17,14600.0,35770.0,40680.0,22186.0,74710.0,35534.0,23499.0,28300.0
2021-12-20,15300.0,35676.0,41088.0,22119.0,77033.0,35296.0,23249.0,28650.0
2021-12-21,16200.0,37799.0,43941.0,21918.0,76568.0,34663.0,23291.0,28200.0
2021-12-22,16400.0,36572.0,44023.0,21851.0,76900.0,34268.0,23041.0,27650.0
2021-12-23,15800.0,36619.0,45246.0,21718.0,76500.0,34500.0,22749.0,27400.0
2021-12-24,15500.0,35345.0,44675.0,22052.0,78500.0,35000.0,23457.0,28200.0
2021-12-27,16100.0,34826.0,42882.0,22152.0,79800.0,35300.0,23457.0,28100.0
2021-12-28,16300.0,34968.0,42637.0,22486.0,80000.0,35200.0,23582.0,30050.0
2021-12-29,16200.0,34166.0,39947.0,22587.0,79500.0,35200.0,23582.0,29500.0
2021-12-30,16200.0,34354.0,41088.0,22653.0,78400.0,35400.0,23707.0,30500.0
2021-12-31,16200.0,34637.0,40762.0,23054.0,78800.0,37100.0,24082.0,31500.0
2022-01-04,17200.0,35015.0,41414.0,22987.0,79000.0,37400.0,24249.0,32100.0
2022-01-05,17500.0,35109.0,40762.0,22520.0,78000.0,37050.0,23916.0,32550.0
2022-01-06,17200.0,34732.0,39784.0,22553.0,79100.0,38000.0,23624.0,32700.0
2022-01-07,17300.0,33127.0,38194.0,22252.0,79800.0,39200.0,23832.0,31950.0
2022-01-10,17100.0,30815.0,35585.0,22052.0,79500.0,38850.0,23416.0,31600.0
2022-01-11,16800.0,30013.0,35463.0,21885.0,79400.0,39400.0,23249.0,32450.0
2022-01-12,16500.0,29447.0,36278.0,22119.0,80000.0,42150.0,24332.0,34700.0
2022-01-13,16400.0,29352.0,35218.0,22286.0,81900.0,44000.0,24749.0,34300.0
2022-01-14,16100.0,27323.0,32773.0,22085.0,83400.0,44250.0,24707.0,35000.0
2022-01-17,16000.0,25671.0,31957.0,21885.0,86200.0,43650.0,24582.0,32600.0
2022-01-18,15700.0,27465.0,34159.0,21918.0,87600.0,44900.0,24916.0,33900.0
2022-01-19,15700.0,27748.0,35055.0,22052.0,86800.0,43650.0,24666.0,32900.0
2022-01-20,16300.0,27323.0,35259.0,22019.0,87100.0,46700.0,25166.0,33800.0
2022-01-21,15800.0,26615.0,34892.0,22353.0,89200.0,47350.0,26499.0,34600.0
2022-01-24,15300.0,24775.0,32487.0,22954.0,93000.0,46900.0,26749.0,33300.0
2022-01-25,15200.0,25152.0,33751.0,23288.0,95800.0,49000.0,27166.0,34700.0
2022-01-26,15300.0,24680.0,33262.0,23689.0,94500.0,48100.0,27749.0,35550.0
2022-01-27,15300.0,25388.0,34515.0,23322.0,91000.0,47600.0,27499.0,35400.0
2022-01-28,15400.0,25483.0,33596.0,23088.0,89000.0,47950.0,28082.0,35550.0
2022-02-07,15700.0,26426.0,35643.0,23188.0,92400.0,47400.0,28166.0,35600.0
2022-02-08,16000.0,26898.0,36939.0,23890.0,92000.0,47350.0,28166.0,35850.0
2022-02-09,16100.0,27087.0,36604.0,23789.0,90800.0,48400.0,27749.0,35050.0
2022-02-10,16200.0,28078.0,37607.0,23756.0,91300.0,48400.0,28124.0,34750.0
2022-02-11,16400.0,28739.0,38819.0,23856.0,90000.0,47900.0,28291.0,35300.0
2022-02-14,16500.0,27653.0,38192.0,22720.0,86000.0,44750.0,26666.0,32850.0
2022-02-15,16600.0,28125.0,38944.0,23054.0,87000.0,46200.0,27249.0,33500.0
2022-02-16,16700.0,28975.0,40449.0,22854.0,87000.0,45150.0,27207.0,33600.0
2022-02-17,16700.0,28786.0,40114.0,22921.0,87500.0,46000.0,27666.0,33900.0
2022-02-18,16600.0,28975.0,41034.0,22620.0,87200.0,44700.0,27207.0,33350.0
2022-02-21,16600.0,29447.0,40616.0,22987.0,87400.0,45250.0,27207.0,33200.0
2022-02-22,16500.0,28408.0,39613.0,23188.0,86800.0,46000.0,28666.0,33700.0
2022-02-23,16900.0,30390.0,42371.0,23121.0,86900.0,45600.0,28624.0,33600.0
2022-02-24,16600.0,32514.0,45296.0,23021.0,85300.0,44600.0,28332.0,32900.0
2022-02-25,16500.0,32655.0,45045.0,22954.0,85100.0,44550.0,28416.0,33000.0
2022-02-28,16400.0,34921.0,48137.0,22653.0,84500.0,43700.0,28666.0,32850.0
2022-03-01,16100.0,34826.0,47469.0,22620.0,85000.0,44100.0,28332.0,32650.0
2022-03-02,15900.0,36808.0,49976.0,21985.0,85000.0,42450.0,27082.0,31250.0
2022-03-03,16200.0,37563.0,49809.0,22353.0,85500.0,42800.0,27582.0,31850.0
2022-03-04,16300.0,38035.0,50394.0,22921.0,84900.0,43300.0,27416.0,32000.0
2022-03-07,16100.0,40678.0,53904.0,22219.0,84900.0,42250.0,26832.0,31500.0
2022-03-08,16500.0,39828.0,51814.0,21785.0,81500.0,41600.0,25832.0,30850.0
2022-03-09,16300.0,42046.0,54572.0,21851.0,83000.0,40500.0,25624.0,31100.0
2022-03-10,16500.0,42329.0,53402.0,21985.0,83500.0,40950.0,25874.0,31550.0
2022-03-11,17100.0,43887.0,55491.0,21851.0,83800.0,41850.0,26207.0,32050.0
2022-03-14,16900.0,40819.0,51647.0,21851.0,84200.0,41300.0,26374.0,32500.0
2022-03-15,16700.0,40395.0,52065.0,21918.0,81100.0,42100.0,26332.0,32700.0
2022-03-16,16700.0,41338.0,52734.0,21918.0,82500.0,41600.0,26749.0,32900.0
2022-03-17,16600.0,38507.0,50561.0,22052.0,83000.0,43500.0,26874.0,32800.0
2022-03-18,16700.0,40017.0,52232.0,21918.0,84200.0,43900.0,26749.0,33100.0
2022-03-21,16200.0,40206.0,52149.0,22019.0,84900.0,43800.0,26832.0,33100.0
2022-03-22,16200.0,41952.0,55157.0,22252.0,84900.0,43500.0,27041.0,34050.0
2022-03-23,16600.0,42377.0,57664.0,22186.0,84900.0,43400.0,26791.0,34000.0
2022-03-24,16400.0,42660.0,57999.0,21985.0,83500.0,43100.0,26707.0,33650.0
2022-03-25,16400.0,43981.0,60756.0,21851.0,82500.0,43450.0,26499.0,33650.0
2022-03-28,16200.0,45727.0,61759.0,21618.0,82400.0,41600.0,26249.0,31850.0
2022-03-29,16200.0,45114.0,61258.0,21618.0,81900.0,42400.0,26666.0,32300.0
2022-03-30,16100.0,41999.0,56996.0,21785.0,82000.0,43550.0,27207.0,32250.0
2022-03-31,16100.0,40536.0,55909.0,22085.0,82100.0,43500.0,27457.0,31700.0
2022-04-01,15900.0,41622.0,57664.0,22319.0,82800.0,44350.0,27749.0,32200.0
2022-04-04,16100.0,39545.0,53653.0,22386.0,82600.0,44250.0,27499.0,32200.0
2022-04-05,16000.0,40017.0,54489.0,22052.0,83000.0,43300.0,27207.0,31800.0
2022-04-06,16200.0,37469.0,51898.0,22186.0,84600.0,43500.0,27791.0,32350.0
2022-04-07,16300.0,38932.0,54071.0,22453.0,83000.0,43050.0,28082.0,31900.0
2022-04-08,16100.0,37516.0,53319.0,22620.0,83000.0,41900.0,27666.0,31000.0
2022-04-12,16100.0,37280.0,54489.0,22353.0,82400.0,40450.0,26874.0,30800.0
2022-04-13,16000.0,38507.0,56829.0,22486.0,82400.0,40900.0,27166.0,31350.0
2022-04-14,16200.0,41197.0,60339.0,22587.0,81000.0,40500.0,26916.0,30800.0
2022-04-15,16500.0,40347.0,59085.0,22419.0,80200.0,39300.0,26166.0,30100.0
2022-04-18,16700.0,41055.0,60171.0,21918.0,77700.0,37950.0,25249.0,29000.0
2022-04-19,16500.0,41999.0,62762.0,21150.0,77700.0,37950.0,24416.0,27500.0
2022-04-20,16300.0,39168.0,58500.0,21317.0,78400.0,37950.0,24582.0,27550.0
2022-04-21,16400.0,39073.0,59837.0,21050.0,78400.0,38500.0,24999.0,27650.0
2022-04-22,16600.0,36383.0,55659.0,21584.0,82200.0,38500.0,24999.0,28800.0
2022-04-25,16100.0,33882.0,51814.0,20381.0,81800.0,35850.0,23416.0,26800.0
2022-04-26,15600.0,35864.0,55074.0,20649.0,80500.0,36900.0,24457.0,27400.0
2022-04-27,15700.0,34637.0,53904.0,20649.0,81500.0,37200.0,24749.0,28200.0
2022-04-28,15800.0,35864.0,55491.0,20715.0,81500.0,36700.0,24541.0,27700.0
2022-04-29,15800.0,36478.0,56327.0,21851.0,80900.0,37250.0,24832.0,27700.0
2022-05-04,16000.0,33930.0,52399.0,21217.0,79900.0,37250.0,24082.0,26750.0
2022-05-05,16000.0,34449.0,52734.0,21183.0,81000.0,38200.0,24166.0,26900.0
2022-05-06,15700.0,33788.0,53235.0,20715.0,79400.0,37000.0,23332.0,25500.0
2022-05-09,14700.0,31429.0,49558.0,20448.0,77900.0,34450.0,21832.0,23750.0
2022-05-10,14400.0,29258.0,46131.0,20582.0,80000.0,35800.0,22541.0,23900.0
2022-05-11,14900.0,30579.0,47803.0,21116.0,80000.0,36100.0,22916.0,23550.0
2022-05-12,14600.0,28456.0,44460.0,19713.0,77000.0,33600.0,21374.0,21950.0
2022-05-13,14100.0,26474.0,41368.0,18377.0,73000.0,31800.0,20083.0,20450.0
2022-05-16,14400.0,24633.0,38485.0,18443.0,74200.0,32200.0,20499.0,19050.0
2022-05-17,14600.0,26332.0,41159.0,19546.0,76000.0,34450.0,21916.0,20350.0
2022-05-18,14600.0,28172.0,43791.0,19346.0,75400.0,34900.0,22207.0,21750.0
2022-05-19,14400.0,29635.0,44711.0,19112.0,76000.0,34650.0,22291.0,21750.0
2022-05-20,14500.0,30768.0,46382.0,19412.0,75300.0,34500.0,22499.0,21600.0
2022-05-23,14500.0,31429.0,45964.0,19011.0,74400.0,33350.0,21916.0,20350.0
2022-05-24,14400.0,32184.0,45964.0,19245.0,75600.0,33750.0,22374.0,21750.0
2022-05-25,14700.0,34402.0,49140.0,20047.0,77000.0,34900.0,23374.0,22750.0
2022-05-26,14700.0,33316.0,47218.0,20281.0,76700.0,35100.0,23041.0,22400.0
2022-05-27,14700.0,33316.0,47469.0,21250.0,77400.0,35300.0,23332.0,22250.0
2022-05-30,15100.0,32891.0,47218.0,21350.0,78000.0,35750.0,23416.0,22800.0
2022-05-31,15100.0,35157.0,49809.0,21083.0,78900.0,35300.0,23124.0,22350.0
2022-06-01,15000.0,36997.0,51731.0,20782.0,80500.0,35150.0,22999.0,22250.0
2022-06-02,14800.0,36619.0,51396.0,21175.0,79000.0,34700.0,22666.0,21550.0
2022-06-03,14600.0,38413.0,53402.0,21133.0,77500.0,34350.0,22832.0,21150.0
2022-06-06,14900.0,40819.0,56411.0,21133.0,79700.0,34200.0,22707.0,20500.0
2022-06-07,14800.0,40112.0,56411.0,20841.0,81000.0,33600.0,22457.0,20200.0
2022-06-08,15600.0,39876.0,55826.0,21467.0,79200.0,34300.0,23291.0,21600.0
2022-06-09,15700.0,40017.0,55909.0,21509.0,77800.0,34500.0,23166.0,22300.0
2022-06-10,15500.0,37233.0,52065.0,21050.0,77700.0,33800.0,22916.0,21900.0
2022-06-13,15100.0,34637.0,48471.0,19964.0,76400.0,31950.0,21374.0,20600.0
2022-06-14,14900.0,36619.0,50477.0,20131.0,77000.0,32300.0,21249.0,20900.0
2022-06-15,14400.0,38413.0,51396.0,19713.0,76500.0,32000.0,20749.0,20700.0
2022-06-16,14900.0,39592.0,52566.0,20131.0,79100.0,32300.0,20749.0,21000.0
2022-06-17,14500.0,40112.0,52650.0,19295.0,76100.0,31600.0,19416.0,20250.0
2022-06-20,14300.0,37327.0,49809.0,19128.0,76000.0,29500.0,18749.0,18850.0
2022-06-21,14100.0,34732.0,46382.0,19212.0,77700.0,30300.0,18708.0,19200.0
2022-06-22,13800.0,32325.0,43206.0,19838.0,76000.0,30500.0,19541.0,20500.0
2022-06-23,13800.0,33458.0,44293.0,19838.0,75900.0,31000.0,20041.0,21300.0
2022-06-24,14100.0,33977.0,44126.0,19880.0,75000.0,31200.0,19749.0,21200.0
2022-06-27,14000.0,31617.0,41075.0,20005.0,74900.0,31750.0,20083.0,21500.0
2022-06-28,14600.0,30060.0,40866.0,20465.0,76300.0,33650.0,20583.0,22550.0
2022-06-29,14300.0,30485.0,41786.0,20214.0,75500.0,34900.0,20583.0,22600.0
2022-06-30,14300.0,30909.0,42621.0,20047.0,74800.0,33500.0,20166.0,21500.0
2022-07-01,14200.0,29730.0,41326.0,20089.0,74000.0,35050.0,20166.0,22000.0
2022-07-04,14400.0,30202.0,41619.0,20256.0,74100.0,35050.0,20499.0,22350.0
2022-07-05,14300.0,28400.0,38735.0,20423.0,74000.0,36300.0,21207.0,23050.0
2022-07-06,14200.0,26450.0,36103.0,20214.0,72800.0,35600.0,20749.0,22500.0
2022-07-07,14300.0,27000.0,36771.0,20172.0,75500.0,36300.0,20916.0,22600.0
2022-07-08,14500.0,28650.0,38777.0,20047.0,74000.0,35000.0,20874.0,22500.0
2022-07-11,14400.0,27650.0,38735.0,19630.0,72000.0,34500.0,20333.0,22050.0
2022-07-12,14400.0,28500.0,39696.0,20047.0,71900.0,36400.0,20874.0,22600.0
2022-07-13,14500.0,28100.0,39655.0,20047.0,71800.0,36050.0,21082.0,23050.0
2022-07-14,15000.0,30050.0,42204.0,20089.0,72400.0,36150.0,21249.0,23300.0
2022-07-15,15000.0,29800.0,42120.0,20047.0,72300.0,35800.0,21207.0,23000.0
2022-07-18,15100.0,29600.0,42454.0,19964.0,72000.0,35500.0,21166.0,22550.0
2022-07-19,15100.0,29300.0,42371.0,19964.0,71300.0,35650.0,20999.0,22950.0
2022-07-20,15000.0,30000.0,44004.0,20298.0,72500.0,36400.0,21291.0,23050.0
2022-07-21,15100.0,30650.0,43550.0,20590.0,72500.0,36500.0,21332.0,23100.0
2022-07-22,15200.0,29650.0,41736.0,20340.0,72500.0,35500.0,21291.0,23000.0
2022-07-25,15100.0,28250.0,39921.0,20089.0,72900.0,35400.0,21041.0,22850.0
2022-07-26,15000.0,29050.0,40874.0,20089.0,73900.0,35550.0,20957.0,22950.0
2022-07-27,14800.0,30300.0,42099.0,20214.0,75000.0,35550.0,20749.0,23050.0
2022-07-28,14900.0,30600.0,42598.0,20423.0,75300.0,36500.0,21291.0,24450.0
2022-07-29,15100.0,29300.0,40466.0,20548.0,74700.0,37300.0,21374.0,24700.0
2022-08-01,15000.0,30050.0,41237.0,20883.0,77000.0,39000.0,22082.0,25200.0
2022-08-02,15100.0,30800.0,42189.0,20799.0,78900.0,38500.0,22249.0,24950.0
2022-08-03,15000.0,32400.0,43868.0,20841.0,79500.0,39300.0,22416.0,25450.0
2022-08-04,15000.0,32400.0,43097.0,20883.0,82500.0,39300.0,22457.0,25200.0
2022-08-05,15000.0,32400.0,43097.0,20757.0,82000.0,39000.0,22457.0,25250.0
2022-08-08,15200.0,33550.0,44095.0,20674.0,82000.0,38800.0,22582.0,25300.0
2022-08-09,15500.0,33300.0,44186.0,20841.0,80800.0,38650.0,22791.0,25250.0
2022-08-10,15400.0,32350.0,43097.0,20757.0,80500.0,38400.0,22666.0,24900.0
2022-08-11,15300.0,31750.0,42280.0,20674.0,81500.0,38300.0,22332.0,25200.0
2022-08-12,15200.0,32400.0,42552.0,20715.0,81600.0,39200.0,22541.0,25650.0
2022-08-15,15300.0,32750.0,43460.0,20841.0,81800.0,41000.0,22791.0,25650.0
2022-08-16,15400.0,32800.0,43369.0,20757.0,81500.0,40500.0,22707.0,25550.0
2022-08-17,15400.0,32200.0,42825.0,20841.0,81500.0,40000.0,23124.0,25400.0
2022-08-18,15300.0,32400.0,43006.0,21008.0,81500.0,39600.0,23041.0,25200.0
2022-08-19,15100.0,32000.0,42552.0,20757.0,80900.0,39350.0,22999.0,25100.0
2022-08-22,15100.0,31100.0,41554.0,20590.0,80000.0,38450.0,23100.0,24700.0
2022-08-23,15000.0,31450.0,41963.0,20715.0,80200.0,39500.0,23200.0,25000.0
2022-08-24,15300.0,33150.0,43369.0,20757.0,82000.0,39300.0,23300.0,25400.0
2022-08-25,15300.0,35450.0,46363.0,20883.0,82000.0,39300.0,23650.0,25650.0
2022-08-26,15400.0,35450.0,46726.0,20715.0,82500.0,39400.0,23600.0,25100.0
2022-08-29,15200.0,37900.0,49902.0,20507.0,82500.0,39000.0,23400.0,24850.0
2022-08-30,15400.0,37750.0,49629.0,20507.0,86000.0,39800.0,23650.0,24650.0
2022-08-31,15600.0,37500.0,49448.0,20590.0,84000.0,40000.0,23750.0,24800.0
2022-09-05,15600.0,38350.0,49902.0,20465.0,82600.0,39500.0,23600.0,24700.0
2022-09-06,15800.0,36600.0,48087.0,20590.0,82700.0,40050.0,23650.0,24700.0
2022-09-07,15500.0,35800.0,46454.0,20298.0,80000.0,37800.0,23000.0,24350.0
2022-09-08,15300.0,36900.0,47180.0,20047.0,78000.0,36700.0,22800.0,23900.0
2022-09-09,15300.0,38300.0,48722.0,20047.0,78800.0,37000.0,22700.0,23750.0
2022-09-12,15700.0,37700.0,47633.0,19838.0,79100.0,36900.0,22600.0,23100.0
2022-09-13,15600.0,37900.0,47724.0,19880.0,78600.0,36800.0,22550.0,23050.0
2022-09-14,15300.0,37350.0,46998.0,19630.0,78300.0,36500.0,22400.0,23050.0
2022-09-15,15600.0,37800.0,47815.0,19671.0,79200.0,35750.0,22150.0,23050.0
2022-09-16,15400.0,37000.0,47270.0,19337.0,80000.0,35500.0,21800.0,22450.0
2022-09-19,15200.0,34450.0,44004.0,19087.0,78800.0,34200.0,21000.0,21600.0
2022-09-20,15200.0,36000.0,45546.0,19128.0,79200.0,35150.0,21350.0,22150.0
2022-09-21,15300.0,35950.0,44775.0,18878.0,78900.0,34750.0,21200.0,21750.0
2022-09-22,15400.0,37000.0,45546.0,19045.0,78000.0,35150.0,21250.0,21950.0
2022-09-23,15300.0,36250.0,44911.0,18878.0,75900.0,34750.0,21000.0,21450.0
2022-09-26,15000.0,35100.0,42189.0,18544.0,75000.0,33400.0,20100.0,20500.0
2022-09-27,15200.0,34850.0,42552.0,18711.0,74300.0,33700.0,20200.0,20500.0
2022-09-28,15200.0,34650.0,42915.0,18377.0,75000.0,33500.0,19950.0,20300.0
2022-09-29,15000.0,32250.0,40874.0,18377.0,74000.0,33500.0,19800.0,19700.0
2022-09-30,14700.0,33700.0,42507.0,18544.0,73200.0,33900.0,20000.0,20600.0
2022-10-03,14600.0,31350.0,39558.0,18042.0,70600.0,31550.0,18700.0,19200.0
2022-10-04,14300.0,29500.0,37653.0,17541.0,71300.0,31000.0,18800.0,18750.0
2022-10-05,14200.0,31100.0,39331.0,17374.0,71500.0,31800.0,19200.0,19250.0
2022-10-06,14000.0,30100.0,38742.0,16706.0,70100.0,31000.0,18100.0,18000.0
2022-10-07,13300.0,28000.0,37199.0,15578.0,66700.0,29200.0,16950.0,16750.0
2022-10-10,13200.0,29950.0,39785.0,15620.0,65100.0,30000.0,17250.0,17000.0
2022-10-11,13100.0,29500.0,39468.0,14618.0,62000.0,28500.0,16050.0,15850.0
2022-10-12,13100.0,31550.0,42189.0,15620.0,64000.0,30450.0,17150.0,16950.0
2022-10-13,12900.0,31550.0,42280.0,16664.0,66500.0,32450.0,17400.0,17650.0
2022-10-14,12900.0,32250.0,43097.0,17416.0,68100.0,33000.0,17800.0,17650.0
2022-10-17,13300.0,33150.0,44458.0,17500.0,66300.0,32700.0,17500.0,18150.0
2022-10-18,13600.0,32400.0,43686.0,17875.0,67700.0,32800.0,17550.0,17700.0
2022-10-19,13700.0,32500.0,43550.0,17625.0,67900.0,33000.0,17500.0,17300.0
2022-10-20,13600.0,31950.0,42643.0,17834.0,69200.0,33150.0,17150.0,17150.0
2022-10-21,13300.0,29850.0,39830.0,17040.0,68000.0,32600.0,16100.0,15950.0
2022-10-24,13100.0,29900.0,38107.0,16288.0,68000.0,30350.0,15600.0,14850.0
2022-10-25,13100.0,31950.0,40738.0,17040.0,69900.0,31300.0,16400.0,14900.0
2022-10-26,13100.0,31750.0,40375.0,17249.0,70000.0,31700.0,16400.0,15000.0
2022-10-27,13500.0,32950.0,41736.0,18418.0,71700.0,33900.0,17500.0,16050.0
2022-10-28,13700.0,32050.0,40375.0,18627.0,71600.0,33800.0,17650.0,16150.0
2022-10-31,13400.0,33000.0,39286.0,18711.0,73500.0,34550.0,17700.0,16150.0
2022-11-01,13500.0,32300.0,39604.0,18752.0,75000.0,34050.0,18000.0,16900.0
2022-11-02,13400.0,30050.0,37426.0,18210.0,73600.0,33700.0,17900.0,16900.0
2022-11-03,13200.0,30650.0,38107.0,17834.0,73000.0,33000.0,17650.0,17250.0
2022-11-04,12900.0,29200.0,37109.0,16831.0,71800.0,33300.0,17900.0,16600.0
2022-11-07,12700.0,29000.0,37109.0,17249.0,71800.0,33300.0,16950.0,15500.0
2022-11-08,12500.0,29100.0,37789.0,17792.0,72600.0,34900.0,17200.0,16450.0
2022-11-09,12500.0,29900.0,38107.0,17332.0,74000.0,36150.0,16950.0,16250.0
2022-11-10,12000.0,27850.0,35475.0,16706.0,72800.0,34700.0,15800.0,15150.0
2022-11-11,12000.0,28500.0,36111.0,17374.0,75500.0,36000.0,16000.0,15600.0
2022-11-14,11700.0,26550.0,33661.0,16957.0,75100.0,35900.0,15200.0,15850.0
2022-11-15,10500.0,24700.0,31347.0,15954.0,75000.0,33400.0,14150.0,15100.0
2022-11-16,10400.0,26400.0,33525.0,17040.0,75100.0,35700.0,15100.0,16150.0
2022-11-17,11400.0,26700.0,34205.0,17583.0,76500.0,35650.0,15700.0,17200.0
2022-11-18,11500.0,26200.0,33570.0,17667.0,76500.0,35950.0,15700.0,17100.0
2022-11-21,11400.0,25450.0,32663.0,17207.0,75000.0,35500.0,15700.0,16700.0
2022-11-22,11300.0,25750.0,32663.0,16998.0,73500.0,36450.0,15800.0,16900.0
2022-11-23,11200.0,25800.0,32890.0,17249.0,73500.0,37400.0,15700.0,17500.0
2022-11-24,11200.0,25700.0,33116.0,17541.0,73000.0,38000.0,15700.0,18200.0
2022-11-25,11300.0,26100.0,34114.0,17959.0,73100.0,40000.0,16200.0,18900.0
2022-11-28,11800.0,27350.0,35430.0,18585.0,76700.0,39500.0,17200.0,19700.0
2022-11-29,12100.0,28800.0,36746.0,18502.0,79800.0,41000.0,17200.0,19750.0
2022-11-30,12100.0,29100.0,37109.0,18460.0,81000.0,41100.0,17400.0,20000.0
2022-12-01,12300.0,27800.0,35657.0,18794.0,80000.0,39000.0,17800.0,19500.0
2022-12-02,12300.0,29000.0,37471.0,19630.0,85000.0,41200.0,18800.0,20850.0
2022-12-05,12400.0,28800.0,37245.0,19713.0,85000.0,41250.0,19000.0,22300.0
2022-12-06,12300.0,30050.0,38379.0,18627.0,80000.0,39100.0,17700.0,20750.0
2022-12-07,12400.0,29100.0,38560.0,18627.0,78500.0,39000.0,17300.0,20300.0
2022-12-08,12500.0,29450.0,39059.0,18920.0,77000.0,39000.0,18100.0,21700.0
2022-12-09,12400.0,28600.0,38969.0,19254.0,77300.0,39200.0,18200.0,22400.0
2022-12-12,12600.0,28950.0,39014.0,18794.0,77400.0,38100.0,17700.0,21300.0
2022-12-13,12500.0,29200.0,39468.0,19254.0,78200.0,38700.0,18000.0,22550.0
2022-12-14,12500.0,29550.0,39921.0,19337.0,78800.0,38800.0,18150.0,23250.0
2022-12-15,12400.0,29200.0,39921.0,19379.0,79500.0,39000.0,18950.0,23250.0
2022-12-16,12400.0,28900.0,39286.0,19212.0,79700.0,38900.0,18800.0,22800.0
2022-12-19,12400.0,28700.0,39286.0,19003.0,79200.0,38800.0,18350.0,22400.0
2022-12-20,12200.0,28700.0,40375.0,18836.0,79000.0,38500.0,17600.0,22450.0
2022-12-21,12100.0,27000.0,39830.0,19045.0,78700.0,38600.0,17700.0,23550.0
2022-12-22,12100.0,28000.0,39649.0,19128.0,79300.0,39000.0,18000.0,23400.0
2022-12-23,12500.0,27800.0,39195.0,19128.0,79100.0,39000.0,17750.0,23500.0
2022-12-26,12300.0,25900.0,37971.0,18460.0,78900.0,38800.0,16800.0,21900.0
2022-12-27,12200.0,26400.0,39014.0,18460.0,79100.0,40000.0,17250.0,22500.0
2022-12-28,12200.0,26450.0,39241.0,18377.0,80000.0,41900.0,17450.0,22900.0
2022-12-29,12200.0,25950.0,39014.0,18377.0,80700.0,40000.0,17400.0,22350.0
2022-12-30,12300.0,26500.0,38969.0,18293.0,80000.0,38600.0,17100.0,22500.0
2023-01-03,12700.0,27250.0,39513.0,18961.0,82600.0,41200.0,18000.0,23500.0
2023-01-04,12800.0,27400.0,40829.0,18920.0,82800.0,40800.0,17950.0,23300.0
2023-01-05,13300.0,27200.0,40466.0,19087.0,84000.0,40750.0,18200.0,24200.0
2023-01-06,13200.0,26500.0,38470.0,19337.0,84000.0,41650.0,18250.0,24300.0
2023-01-09,13000.0,26650.0,38197.0,19295.0,86900.0,41000.0,18250.0,24650.0
2023-01-10,12900.0,26250.0,38197.0,19588.0,87300.0,41300.0,18200.0,24950.0
2023-01-11,13000.0,26200.0,37789.0,20214.0,85100.0,41250.0,18250.0,24700.0
2023-01-12,12900.0,26000.0,37063.0,20465.0,84800.0,41450.0,18250.0,24950.0
2023-01-13,13200.0,25800.0,37290.0,20172.0,85800.0,41800.0,18250.0,25300.0
2023-01-16,13200.0,25600.0,37199.0,20883.0,87300.0,44700.0,18500.0,25500.0
2023-01-17,13400.0,26250.0,38107.0,21133.0,89400.0,44950.0,19400.0,26550.0
2023-01-18,13800.0,26550.0,38288.0,21300.0,90000.0,45100.0,19550.0,26800.0
2023-01-19,13800.0,26700.0,38333.0,21718.0,93000.0,45950.0,19600.0,26800.0
2023-01-27,13700.0,27150.0,38379.0,22010.0,93000.0,44550.0,19700.0,26650.0
2023-01-30,13900.0,27400.0,39241.0,21217.0,89900.0,44500.0,19250.0,25850.0
2023-01-31,13900.0,28000.0,39649.0,21760.0,91900.0,45100.0,19550.0,27100.0
2023-02-01,14000.0,26650.0,38243.0,21050.0,89100.0,42800.0,18900.0,25650.0
2023-02-02,13800.0,26750.0,38651.0,20883.0,90600.0,43150.0,18950.0,26150.0
2023-02-03,13800.0,26650.0,38832.0,20465.0,93000.0,43350.0,18600.0,26050.0
2023-02-06,14000.0,26600.0,39105.0,20799.0,96000.0,45000.0,18700.0,25700.0
2023-02-07,14200.0,26000.0,38696.0,20548.0,92000.0,43800.0,18350.0,25750.0
2023-02-08,14000.0,26300.0,39195.0,20590.0,94200.0,44500.0,18400.0,25000.0
2023-02-09,14000.0,25900.0,38651.0,20465.0,93000.0,44000.0,18450.0,24450.0
2023-02-10,13900.0,25200.0,38016.0,20214.0,94500.0,42950.0,18300.0,23650.0
2023-02-13,13600.0,24900.0,38606.0,19964.0,93500.0,44400.0,18000.0,24500.0
2023-02-14,13700.0,25150.0,38651.0,19922.0,92500.0,43400.0,17850.0,24400.0
2023-02-15,13900.0,25400.0,39150.0,20507.0,93000.0,44000.0,18000.0,23350.0
2023-02-16,14000.0,25400.0,39000.0,20715.0,92400.0,45000.0,18250.0,23900.0
2023-02-17,14000.0,25350.0,38050.0,20715.0,93000.0,45800.0,18100.0,24400.0
2023-02-20,14200.0,26100.0,38400.0,21551.0,93800.0,47200.0,18900.0,25700.0
2023-02-21,14300.0,25750.0,37500.0,21300.0,94200.0,46250.0,18600.0,25350.0
2023-02-22,14400.0,24800.0,36100.0,20757.0,93000.0,45000.0,18250.0,24700.0
2023-02-23,14200.0,25000.0,35000.0,21217.0,93300.0,45550.0,18150.0,25000.0
2023-02-24,14300.0,24650.0,35800.0,20548.0,93500.0,44600.0,17700.0,24300.0
2023-02-27,14400.0,23600.0,34850.0,20256.0,92800.0,44250.0,17250.0,23600.0
2023-02-28,14500.0,23500.0,35000.0,20381.0,93500.0,44100.0,17250.0,23750.0
2023-03-01,14400.0,23600.0,34850.0,21008.0,93000.0,45650.0,17650.0,25400.0
2023-03-02,14600.0,24000.0,34850.0,20924.0,93200.0,46400.0,17400.0,25600.0
2023-03-03,14600.0,23600.0,34700.0,20465.0,90900.0,45900.0,17150.0,25000.0
2023-03-06,14400.0,23200.0,34300.0,20298.0,91000.0,45800.0,17300.0,24900.0
2023-03-07,14400.0,23200.0,34000.0,20465.0,91900.0,46900.0,17400.0,25000.0
2023-03-08,14300.0,23150.0,34000.0,20883.0,92200.0,48000.0,17600.0,25350.0
2023-03-09,14400.0,23300.0,34150.0,21175.0,93000.0,47650.0,17800.0,26500.0
2023-03-10,14500.0,23750.0,34500.0,20799.0,92100.0,47150.0,17750.0,26000.0
2023-03-13,14400.0,24150.0,34150.0,20465.0,91500.0,46250.0,17500.0,25000.0
2023-03-14,14300.0,23700.0,33200.0,20089.0,91000.0,45050.0,17200.0,24400.0
2023-03-15,14300.0,24000.0,33800.0,20715.0,91400.0,46800.0,17800.0,25350.0
2023-03-16,14300.0,23400.0,33100.0,20381.0,91000.0,46250.0,17450.0,24600.0
2023-03-17,14300.0,24000.0,33900.0,20340.0,89000.0,46300.0,17450.0,25050.0
2023-03-20,14200.0,24600.0,33500.0,20047.0,85100.0,45350.0,17300.0,24200.0
2023-03-21,14200.0,24500.0,33600.0,20214.0,86500.0,45350.0,17350.0,24600.0
2023-03-22,14100.0,24750.0,33650.0,20172.0,89000.0,46100.0,17400.0,24800.0
2023-03-23,14000.0,24750.0,33950.0,20465.0,90700.0,45900.0,17400.0,25000.0
2023-03-24,14100.0,24250.0,33700.0,20507.0,89000.0,45550.0,17750.0,25050.0
2023-03-27,14100.0,24550.0,33800.0,20423.0,91000.0,46000.0,17950.0,25500.0
2023-03-28,14100.0,24400.0,33600.0,20423.0,91800.0,46000.0,18000.0,25400.0
2023-03-29,14100.0,24400.0,33650.0,20381.0,92300.0,46200.0,18300.0,25350.0
2023-03-30,14100.0,24100.0,33650.0,20548.0,92700.0,46200.0,18250.0,26000.0
2023-03-31,14000.0,23950.0,33300.0,20883.0,91400.0,46200.0,18250.0,26200.0
2023-04-03,14100.0,24050.0,34250.0,21091.0,92800.0,45900.0,18700.0,26750.0
2023-04-04,14100.0,24600.0,34750.0,21008.0,92000.0,46000.0,18750.0,26900.0
2023-04-05,14200.0,24850.0,35100.0,21133.0,92100.0,45500.0,18800.0,26250.0
2023-04-06,14100.0,24900.0,37000.0,20799.0,91200.0,46000.0,18500.0,25650.0
2023-04-07,14000.0,24850.0,35900.0,20924.0,90000.0,45650.0,18600.0,26000.0
2023-04-10,14000.0,24350.0,34650.0,20883.0,89000.0,44700.0,18600.0,25950.0
2023-04-11,14300.0,24550.0,34700.0,20841.0,88200.0,44400.0,18750.0,25950.0
2023-04-12,15000.0,24700.0,34750.0,20757.0,88300.0,44400.0,18700.0,26100.0
2023-04-13,14900.0,25200.0,35150.0,20841.0,88200.0,44950.0,18550.0,26450.0
2023-04-14,14700.0,24600.0,34300.0,20841.0,88400.0,44450.0,18300.0,25700.0
2023-04-17,14600.0,24300.0,34200.0,20883.0,88400.0,45000.0,18250.0,25900.0
2023-04-18,14700.0,24450.0,34300.0,20674.0,88000.0,44600.0,18150.0,25900.0
2023-04-19,14700.0,24350.0,34300.0,20381.0,88500.0,44400.0,18100.0,25500.0
2023-04-20,14600.0,24400.0,34100.0,20256.0,88300.0,44600.0,18150.0,25700.0
2023-04-21,14500.0,23800.0,33700.0,20256.0,87500.0,44200.0,18050.0,25600.0
2023-04-24,14400.0,23350.0,33150.0,20214.0,87900.0,43700.0,18250.0,25550.0
2023-04-25,14400.0,23350.0,33100.0,20172.0,88300.0,43550.0,18250.0,25050.0
2023-04-26,14400.0,23100.0,32500.0,20172.0,89400.0,44100.0,18350.0,25400.0
2023-04-27,14600.0,23650.0,33650.0,20172.0,90000.0,43900.0,18400.0,25150.0
2023-04-28,15000.0,23700.0,33600.0,20214.0,90500.0,43500.0,18450.0,25300.0
2023-05-04,15000.0,23350.0,32800.0,20632.0,88500.0,43750.0,18200.0,25150.0
2023-05-05,14800.0,23150.0,32700.0,20590.0,89800.0,43450.0,18100.0,24950.0
2023-05-08,15400.0,23550.0,32950.0,20841.0,93000.0,44700.0,18250.0,25650.0
2023-05-09,15300.0,23700.0,33000.0,20799.0,92300.0,45100.0,18300.0,25750.0
2023-05-10,15200.0,23700.0,32950.0,20799.0,92000.0,45000.0,18500.0,26350.0
2023-05-11,15200.0,24350.0,33400.0,20799.0,91000.0,45000.0,18500.0,26400.0
2023-05-12,15300.0,24250.0,33300.0,20883.0,92800.0,45000.0,18650.0,26800.0
2023-05-15,15200.0,23850.0,33100.0,20883.0,91700.0,44900.0,18850.0,27000.0
2023-05-16,15200.0,23900.0,32700.0,20883.0,92600.0,45000.0,18800.0,27400.0
2023-05-17,15000.0,23900.0,33000.0,20799.0,92800.0,44800.0,18450.0,27000.0
2023-05-18,15100.0,23900.0,32800.0,20883.0,95000.0,44650.0,18600.0,27200.0
2023-05-19,15400.0,23550.0,32150.0,20841.0,94200.0,44400.0,18650.0,27850.0
2023-05-22,15700.0,23500.0,31300.0,20924.0,93100.0,44400.0,18850.0,28150.0
2023-05-23,15700.0,23850.0,31850.0,21175.0,92800.0,43850.0,18750.0,27950.0
2023-05-24,15600.0,23550.0,31300.0,21008.0,92600.0,43500.0,18600.0,27400.0
2023-05-25,15600.0,23400.0,31200.0,20966.0,93200.0,43750.0,18450.0,27000.0
2023-05-26,15600.0,23600.0,31500.0,20883.0,92000.0,43400.0,18450.0,27200.0
2023-05-29,15700.0,23750.0,31350.0,21008.0,93100.0,43900.0,18750.0,27700.0
2023-05-30,15500.0,24350.0,32000.0,21050.0,94500.0,43800.0,18750.0,27700.0
2023-05-31,15500.0,24300.0,31900.0,21217.0,94000.0,44000.0,18600.0,27700.0
2023-06-01,15600.0,24100.0,31600.0,21400.0,93900.0,43900.0,18800.0,28000.0
2023-06-02,15700.0,24700.0,32250.0,21800.0,94900.0,44700.0,19700.0,28300.0
2023-06-05,16200.0,25450.0,33100.0,21750.0,98000.0,44700.0,19800.0,28050.0
2023-06-06,16300.0,25400.0,32800.0,21800.0,99000.0,44800.0,20450.0,28300.0
2023-06-07,16500.0,25550.0,33200.0,21850.0,97000.0,44350.0,20350.0,28350.0
2023-06-08,16800.0,24900.0,32900.0,21600.0,100000.0,43700.0,20000.0,27600.0
2023-06-09,16800.0,25450.0,33300.0,21550.0,100500.0,43450.0,20250.0,28100.0
2023-06-12,17300.0,25850.0,33400.0,21450.0,101000.0,43650.0,20350.0,28200.0
